customerID,tenure,PhoneService,Contract,PaymentMethod,MonthlyCharges,TotalCharges,charge_per_tenure
9305-CKSKC,22,1,0,2,97.4,811.7,36.89545455
1452-KNGVK,8,0,1,1,77.3,1701.95,212.74375
6723-OKKJM,28,1,0,0,28.25,250.9,8.960714286
7832-POPKP,62,1,0,2,101.7,3106.56,50.10580645
6348-TACGU,10,0,0,1,51.15,3440.97,344.097
